{
    "name": "BrainjammerSqlPoolTable",
    "properties": {
        "annotations": [],
        "type": "SqlPoolTable",
        "schema": [
            {
                "name": "SESSION_DATETIME",
                "type": "datetime",
                "precision": 23,
                "scale": 3
            },
            {
                "name": "READING_DATETIME",
                "type": "datetime",
                "precision": 23,
                "scale": 3
            },
            {
                "name": "SCENARIO",
                "type": "nvarchar"
            },
            {
                "name": "ELECTRODE",
                "type": "nvarchar"
            },
            {
                "name": "FREQUENCY",
                "type": "nvarchar"
            },
            {
                "name": "VALUE",
                "type": "decimal",
                "precision": 7,
                "scale": 3
            }
        ],
        "typeProperties": {
            "schema": "dbo",
            "table": "ALL_SCENARIO_ELECTRODE_FREQUENCY_VALUE"
        },
        "sqlPool": {
            "referenceName": "SQLPool",
            "type": "SqlPoolReference"
        }
    }
}