{
    "now": "2022-02-17T09:36:15.464Z",
    "perfNow": 5637909.5,
    "diagnosticCorrelation": "removed",
    "source": "DownloadSupportFiles",
    "environment": {
        "productName": "a365",
        "buildVersion": "22.0208.14",
        "environmentType": 9,
        "resourceName": "csharpguitar",
        "resourceRegion": "germanywestcentral",
        "resourceGroup": "CSHARPGUITAR-ADE203",
        "subscriptionId": "removed",
        "sessionId": "removed",
        "operationId": "8Bh2F",
        "gitType": "GitHub"
    },
    "additionalInfo": {
        "selectedResource": "BrainjammerSqlPoolTable",
        "selectedResourceType": "dataset"
    }
}